{"cameraMode":{"drawMode":0,"name":"Shaded","section":"Shading Mode"},"sceneLighting":true,"audioPlay":false,"sceneViewState":{"showFog":true,"showMaterialUpdate":false,"showSkybox":true,"showFlares":true,"showImageEffects":true,"showParticleSystems":true,"showVisualEffectGraphs":true,"m_FxEnabled":true},"in2DMode":false,"pivot":{"x":-3.5070414543151857,"y":-4.056831359863281,"z":52.156578063964847},"rotation":{"x":0.11524094641208649,"y":-0.007449986878782511,"z":0.0008644215413369238,"w":0.993310809135437},"size":70.71244812011719,"orthographic":false}